{
  "timestamp": "2025-08-01T09:34:55.048622",
  "guide_positions": {
    "center": {
      "name": "中心位置",
      "x": 32,
      "y": 32,
      "description": "传感器中心位置"
    },
    "top_left": {
      "name": "左上角",
      "x": 16,
      "y": 16,
      "description": "左上角位置"
    },
    "top_right": {
      "name": "右上角",
      "x": 48,
      "y": 16,
      "description": "右上角位置"
    },
    "bottom_left": {
      "name": "左下角",
      "x": 16,
      "y": 48,
      "description": "左下角位置"
    },
    "bottom_right": {
      "name": "右下角",
      "x": 48,
      "y": 48,
      "description": "右下角位置"
    },
    "top_center": {
      "name": "上中位置",
      "x": 32,
      "y": 16,
      "description": "上中位置"
    },
    "bottom_center": {
      "name": "下中位置",
      "x": 32,
      "y": 48,
      "description": "下中位置"
    },
    "left_center": {
      "name": "左中位置",
      "x": 16,
      "y": 32,
      "description": "左中位置"
    },
    "right_center": {
      "name": "右中位置",
      "x": 48,
      "y": 32,
      "description": "右中位置"
    }
  },
  "consistency_results": {
    "center": {
      "1": {
        "weight_info": {
          "mass": 50.0,
          "unit": "g",
          "force": 0.49
        },
        "measurement_count": 10,
        "avg_total_pressure": 0.005066163004057334,
        "std_total_pressure": 0.00019036257213867988,
        "avg_mean_pressure": 1.236856202162435e-06,
        "std_mean_pressure": 4.647523733854489e-08,
        "avg_max_pressure": -0.0019065781094681912,
        "std_max_pressure": 5.144911779324072e-06,
        "cv": 0.03757529554146291,
        "cv_total": 0.03757529554146291,
        "cv_mean": 0.03757529554146291,
        "cv_max": 0,
        "sensitivity_total": 0.01033910817154558
      },
      "2": {
        "weight_info": {
          "mass": 100.0,
          "unit": "g",
          "force": 0.98
        },
        "measurement_count": 10,
        "avg_total_pressure": 0.02799024315002867,
        "std_total_pressure": 0.000612021673123421,
        "avg_mean_pressure": 6.833555456549969e-06,
        "std_mean_pressure": 1.494193537898977e-07,
        "avg_max_pressure": -0.0009783538276627274,
        "std_max_pressure": 3.062592455621051e-06,
        "cv": 0.02186553613853812,
        "cv_total": 0.02186553613853812,
        "cv_mean": 0.02186553613853812,
        "cv_max": 0,
        "sensitivity_total": 0.028561472602070072
      },
      "3": {
        "weight_info": {
          "mass": 150.0,
          "unit": "g",
          "force": 1.47
        },
        "measurement_count": 10,
        "avg_total_pressure": 0.07500640980242974,
        "std_total_pressure": 0.0004139714953677329,
        "avg_mean_pressure": 1.8312111768171324e-05,
        "std_mean_pressure": 1.0106725961126292e-07,
        "avg_max_pressure": -0.0001713607156065157,
        "std_max_pressure": 5.078735030534674e-06,
        "cv": 0.005519148249571636,
        "cv_total": 0.005519148249571636,
        "cv_mean": 0.005519148249571636,
        "cv_max": 0,
        "sensitivity_total": 0.05102476857308146
      }
    },
    "top_left": {
      "1": {
        "weight_info": {
          "mass": 50.0,
          "unit": "g",
          "force": 0.49
        },
        "measurement_count": 10,
        "avg_total_pressure": -0.027800074129605612,
        "std_total_pressure": 0.00014484009540414013,
        "avg_mean_pressure": -6.787127473048245e-06,
        "std_mean_pressure": 3.53613514170264e-08,
        "avg_max_pressure": -0.002449727777118449,
        "std_max_pressure": 3.488344094073224e-06,
        "cv": 0,
        "cv_total": 0,
        "cv_mean": 0,
        "cv_max": 0,
        "sensitivity_total": -0.05673484516246043
      },
      "2": {
        "weight_info": {
          "mass": 100.0,
          "unit": "g",
          "force": 0.98
        },
        "measurement_count": 10,
        "avg_total_pressure": -0.010866985988374446,
        "std_total_pressure": 0.0006107660512775888,
        "avg_mean_pressure": -2.65307275106798e-06,
        "std_mean_pressure": 1.491128054876926e-07,
        "avg_max_pressure": -0.0022635526049222545,
        "std_max_pressure": 7.439379322435674e-05,
        "cv": 0,
        "cv_total": 0,
        "cv_mean": 0,
        "cv_max": 0,
        "sensitivity_total": -0.011088761212626986
      },
      "3": {
        "weight_info": {
          "mass": 150.0,
          "unit": "g",
          "force": 1.47
        },
        "measurement_count": 10,
        "avg_total_pressure": 0.015153096865762597,
        "std_total_pressure": 0.0002400763102410195,
        "avg_mean_pressure": 3.6994865394928214e-06,
        "std_mean_pressure": 5.86123804299364e-08,
        "avg_max_pressure": -0.0015898514546351123,
        "std_max_pressure": 4.920222794091216e-05,
        "cv": 0.01584338253545094,
        "cv_total": 0.01584338253545094,
        "cv_mean": 0.01584338253545094,
        "cv_max": 0,
        "sensitivity_total": 0.01030822916038272
      }
    },
    "top_right": {
      "1": {
        "weight_info": {
          "mass": 50.0,
          "unit": "g",
          "force": 0.49
        },
        "measurement_count": 10,
        "avg_total_pressure": -0.04068354642129257,
        "std_total_pressure": 0.0005620151185469369,
        "avg_mean_pressure": -9.932506450510882e-06,
        "std_mean_pressure": 1.3721072230149827e-07,
        "avg_max_pressure": -0.002473684039728228,
        "std_max_pressure": 1.4074536766354754e-06,
        "cv": 0,
        "cv_total": 0,
        "cv_mean": 0,
        "cv_max": 0,
        "sensitivity_total": -0.08302764575773994
      },
      "2": {
        "weight_info": {
          "mass": 100.0,
          "unit": "g",
          "force": 0.98
        },
        "measurement_count": 10,
        "avg_total_pressure": -0.030976677352366266,
        "std_total_pressure": 0.0011577036003815662,
        "avg_mean_pressure": -7.562665369230045e-06,
        "std_mean_pressure": 2.826424805619058e-07,
        "avg_max_pressure": -0.002285146350734921,
        "std_max_pressure": 2.9974921634814135e-05,
        "cv": 0,
        "cv_total": 0,
        "cv_mean": 0,
        "cv_max": 0,
        "sensitivity_total": -0.03160885444119007
      },
      "3": {
        "weight_info": {
          "mass": 150.0,
          "unit": "g",
          "force": 1.47
        },
        "measurement_count": 10,
        "avg_total_pressure": -0.00038780883080274107,
        "std_total_pressure": 0.0004121568130826371,
        "avg_mean_pressure": -9.467989033270046e-08,
        "std_mean_pressure": 1.006242219440032e-07,
        "avg_max_pressure": -0.000826299758184527,
        "std_max_pressure": 1.5404110863095194e-05,
        "cv": 0,
        "cv_total": 0,
        "cv_mean": 0,
        "cv_max": 0,
        "sensitivity_total": -0.00026381553115832726
      }
    },
    "bottom_left": {
      "1": {
        "weight_info": {
          "mass": 50.0,
          "unit": "g",
          "force": 0.49
        },
        "measurement_count": 10,
        "avg_total_pressure": -0.04227028823089706,
        "std_total_pressure": 0.0002465709250967924,
        "avg_mean_pressure": -1.0319894587621353e-05,
        "std_mean_pressure": 6.019797975995908e-08,
        "avg_max_pressure": -0.0025712685153425245,
        "std_max_pressure": 2.0940144479340434e-05,
        "cv": 0,
        "cv_total": 0,
        "cv_mean": 0,
        "cv_max": 0,
        "sensitivity_total": -0.08626589434876951
      },
      "2": {
        "weight_info": {
          "mass": 100.0,
          "unit": "g",
          "force": 0.98
        },
        "measurement_count": 10,
        "avg_total_pressure": -0.021732939153208213,
        "std_total_pressure": 0.0005094939877182031,
        "avg_mean_pressure": -5.305893347951224e-06,
        "std_mean_pressure": 1.2438818059526443e-07,
        "avg_max_pressure": -0.0019484299879807716,
        "std_max_pressure": 3.307510046106279e-05,
        "cv": 0,
        "cv_total": 0,
        "cv_mean": 0,