{
  "timestamp": "2025-07-29T11:26:56.956246",
  "recorded_frames": 1195,
  "data_points": 317,
  "consistency_data": {
    "5,14": 0.0023437500000000003,
    "1,9": 0.0036560058593750003,
    "1,12": 0.002227783203125,
    "2,2": 0.001409912109375,
    "2,15": 0.001513671875,
    "2,5": 0.001739501953125,
    "1,10": 0.0024047851562500003,
    "0,5": 0.0011962890625,
    "2,12": 0.00126953125,
    "6,14": 0.0012329101562500002,
    "11,12": 0.0010314941406250001,
    "1,2": 0.0030090332031250003,
    "1,5": 0.0018310546875,
    "1,7": 0.00125732421875,
    "5,17": 0.001373291015625,
    "4,23": 0.001043701171875,
    "5,21": 0.005053710937500001,
    "6,23": 0.001068115234375,
    "2,22": 0.00457763671875,
    "2,20": 0.00469970703125,
    "2,23": 0.006573486328125,
    "4,18": 0.001654052734375,
    "3,26": 0.007073974609375,
    "5,26": 0.0010009765625000001,
    "6,27": 0.008624267578125,
    "2,29": 0.0033142089843750003,
    "3,27": 0.002264404296875,
    "2,17": 0.001849365234375,
    "1,29": 0.0035034179687500003,
    "1,31": 0.00111083984375,
    "1,33": 0.0025268554687500003,
    "3,29": 0.004803466796875,
    "2,18": 0.0033935546875,
    "3,34": 0.00604248046875,
    "3,37": 0.003515625,
    "3,39": 0.0014770507812500002,
    "2,37": 0.003424072265625,
    "1,37": 0.0028930664062500003,
    "2,39": 0.001953125,
    "3,23": 0.0015869140625,
    "6,38": 0.0061706542968750005,
    "40,46": 0.0024597167968750003,
    "40,40": 0.0010620117187500001,
    "41,39": 0.001043701171875,
    "42,43": 0.001141357421875,
    "42,46": 0.002105712890625,
    "43,45": 0.002410888671875,
    "44,43": 0.0022155761718750003,
    "44,46": 0.00286865234375,
    "45,43": 0.0020935058593750003,
    "46,37": 0.0023986816406250003,
    "45,46": 0.002716064453125,
    "46,43": 0.00233154296875,
    "45,40": 0.0010009765625000001,
    "46,35": 0.0010620117187500001,
    "63,39": 0.0017639160156250001,
    "63,46": 0.0028259277343750003,
    "63,42": 0.001300048828125,
    "63,48": 0.0029052734375,
    "62,39": 0.001666259765625,
    "62,46": 0.00205078125,
    "48,43": 0.001715087890625,
    "9,32": 0.001025390625,
    "9,38": 0.0026794433593750003,
    "4,39": 0.00101318359375,
    "6,32": 0.0044677734375,
    "3,42": 0.001239013671875,
    "1,39": 0.0031616210937500003,
    "2,46": 0.0011718750000000002,
    "2,34": 0.0016357421875,
    "2,31": 0.001300048828125,
    "1,42": 0.0015502929687500001,
    "49,30": 0.001104736328125,
    "49,35": 0.0014770507812500002,
    "53,33": 0.00203857421875,
    "55,34": 0.001495361328125,
    "55,39": 0.0018737792968750002,
    "12,32": 0.00164794921875,
    "12,41": 0.0016113281250000001,
    "11,41": 0.0011230468750000001,
    "3,60": 0.00233154296875,
    "3,57": 0.001544189453125,
    "1,51": 0.00120849609375,
    "1,54": 0.001043701171875,
    "44,58": 0.001104736328125,
    "43,53": 0.0016845703125,
    "45,58": 0.0044616699218750005,
    "45,48": 0.00140380859375,
    "46,51": 0.0027099609375000003,
    "46,53": 0.001898193359375,
    "45,49": 0.00201416015625,
    "43,55": 0.0010314941406250001,
    "46,59": 0.001251220703125,
    "63,57": 0.002056884765625,
    "63,50": 0.002996826171875,
    "63,43": 0.0018737792968750002,
    "63,56": 0.0028625488281250003,
    "60,55": 0.003155517578125,
    "62,51": 0.005029296875,
    "6,59": 0.001104736328125,
    "6,61": 0.0010314941406250001,
    "0,57": 0.0021728515625,
    "1,60": 0.0021850585937500003,
    "0,50": 0.001055908203125,
    "1,62": 0.00245361328125,
    "1,55": 0.00157470703125,
    "1,52": 0.00146484375,
    "49,60": 0.0022155761718750003,
    "49,54": 0.0014587402343750001,
    "49,62": 0.0010986328125,
    "54,63": 0.001129150390625,
    "61,48": 0.00186767578125,
    "62,63": 0.00126953125,
    "61,58": 0.00107421875,
    "61,60": 0.001422119140625,
    "60,57": 0.001019287109375,
    "62,48": 0.0018554687500000001,
    "36,57": 0.001043701171875,
    "9,39": 0.001116943359375,
    "7,38": 0.003814697265625,
    "7,47": 0.00103759765625,
    "61,55": 0.006396484375000001,
    "6,16": 0.00262451171875,
    "8,21": 0.0014160156250000002,
    "6,20": 0.001025390625,
    "4,15": 0.00152587890625,
    "1,18": 0.0023071289062500003,
    "1,20": 0.004730224609375,
    "1,23": 0.0010314941406250001,
    "63,8": 0.0011230468750000001,
    "5,4": 0.002410888671875,
    "2,3": 0.0025878906250000003,
    "1,3": 0.0012145996093750001,
    "23,14": 0.0030029296875,
    "22,14": 0.0014160156250000002,
    "6,17": 0.0031921386718750003,
    "5,20": 0.002008056640625,
    "6,21": 0.00582275390625,
    "6,30": 0.0021240234375000003,
    "53,30": 0.002532958984375,
    "52,33": 0.0015075683593750002,
    "56,34": 0.00125732421875,
    "7,32": 0.0027587890625,
    "8,27": 0.001007080078125,
    "7,23": 0.0029541015625000003,
    "9,23": 0.0014892578125000001,
    "6,35": 0.001470947265625,
    "7,30": 0.0039428710937500005,
    "8,26": 0.0015686035156250002,
    "9,31": 0.0026428222656250003,
    "32,25": 0.0014587402343750001,
    "32,27": 0.001025390625,
    "34,26": 0.0011718750000000002,
    "35,26": 0.00213623046875,
    "46,28": 0.0010498046875,
    "48,29": 0.003515625,
    "51,26": 0.004687500000000001,
    "51,33": 0.006072998046875,
    "51,40": 0.00208740234375,
    "53,25": 0.002899169921875,
    "51,36": 0.0023376464843750003,
    "53,27": 0.0016601562500000002,
    "52,39": 0.0011230468750000001,
    "53,34": 0.0035278320312500003,
    "52,36": 0.001593017578125,
    "54,36": 0.001287841796875,
    "55,28": 0.00108642578125,
    "56,31": 0.00238037109375,
    "54,34": 0.002349853515625,
    "54,25": 0.0012145996093750001,
    "54,32": 0.00128173828125,
    "52,34": 0.0018127441406250002,
    "49,32": 0.00128173828125,
    "49,36": 0.001422119140625,
    "48,25": 0.001043701171875,
    "48,34": 0.0016601562500000002,
    "46,24": 0.001373291015625,
    "40,39": 0.0024597167968750003,
    "42,29": 0.00111083984375,
    "40,35": 0.0024353027343750003,
    "40,41": 0.0014160156250000002,
    "38,39": 0.001129150390625,
    "34,28": 0.0010986328125,
    "25,39": 0.0019165039062500001,
    "22,40": 0.002142333984375,
    "23,34": 0.0023071289062500003,
    "23,30": 0.001116943359375,
    "21,40": 0.0016723632812500001,
    "10,38": 0.0012939453125000002,
    "10,32": 0.0016601562500000002,
    "9,34": 0.001361083984375,
    "11,26": 0.0010314941406250001,
    "3,31": 0.002716064453125,
    "6,29": 0.00115966796875,
    "6,34": 0.00347900390625,
    "4,21": 0.005047607421875,
    "6,37": 0.001312255859375,
    "7,21": 0.0061706542968750005,
    "28,16": 0.0012634277343750002,
    "31,23": 0.0011474609375,
    "55,24": 0.00247802734375,
    "56,16": 0.0010009765625000001,
    "56,28": 0.00111083984375,
    "61,16": 0.002105712890625,
    "62,40": 0.00103759765625,
    "61,18": 0.0010498046875,
    "48,24": 0.0011474609375,
    "6,13": 0.0017211914062500002,
    "4,24": 0.001544189453125,
    "4,16": 0.003271484375,
    "2,26": 0.002105712890625,
    "2,24": 0.001470947265625,
    "1,15": 0.0021484375,
    "2,6": 0.0014282226562500001,
    "0,6": 0.0010925292968750001,
    "2,8": 0.001080322265625,
    "3,17": 0.0032592773437500003,
    "60,5": 0.0019287109375,
    "60,7": 0.00108642578125,
    "61,10": 0.00103759765625,
    "10,2": 0.0015625,
    "9,2": 0.0027587890625,
    "8,17": 0.0016601562500000002,
    "8,13": 0.0015808105468750001,
    "8,15": 0.001055908203125,
    "9,4": 0.0011535644531250001,
    "5,3": 0.001483154296875,
    "4,17": 0.002423095703125,
    "4,11": 0.001318359375,
    "2,10": 0.0017639160156250001,
    "4,19": 0.0013549804687500002,
    "2,7": 0.0013977050781250001,
    "3,19": 0.0014465332031250002,
    "3,8": 0.0013977050781250001,
    "60,38": 0.00108642578125,
    "61,43": 0.0010009765625000001,
    "59,58": 0.0011962890625,
    "60,47": 0.00125732421875,
    "7,52": 0.0015380859375000002,
    "19,57": 0.0017639160156250001,
    "22,56": 0.002264404296875,
    "27,56": 0.005242919921875,
    "22,57": 0.002197265625,