{
  "timestamp": "2025-07-29T11:27:38.696236",
  "recorded_frames": 509,
  "data_points": 116,
  "consistency_data": {
    "61,18": 0.002508544921875,
    "61,14": 0.0019287109375,
    "60,17": 0.002874755859375,
    "60,15": 0.001312255859375,
    "61,10": 0.001922607421875,
    "60,6": 0.00113525390625,
    "60,11": 0.0010620117187500001,
    "61,19": 0.002197265625,
    "61,17": 0.0025878906250000003,
    "61,5": 0.001531982421875,
    "61,8": 0.0010498046875,
    "62,8": 0.00125732421875,
    "63,8": 0.002142333984375,
    "63,10": 0.002899169921875,
    "63,17": 0.0015075683593750002,
    "63,6": 0.001373291015625,
    "62,13": 0.0019714355468750003,
    "62,6": 0.0013061523437500001,
    "4,16": 0.0013427734375,
    "1,12": 0.001556396484375,
    "2,16": 0.0013244628906250002,
    "2,15": 0.0014404296875,
    "1,10": 0.0015197753906250001,
    "2,2": 0.0010620117187500001,
    "0,5": 0.0010986328125,
    "0,15": 0.00174560546875,
    "2,5": 0.001348876953125,
    "2,17": 0.0017333984375000001,
    "55,7": 0.0014770507812500002,
    "2,10": 0.00223388671875,
    "3,3": 0.001788330078125,
    "2,7": 0.0011962890625,
    "3,11": 0.001654052734375,
    "3,8": 0.001556396484375,
    "5,3": 0.001007080078125,
    "4,11": 0.0011718750000000002,
    "51,15": 0.00111083984375,
    "51,7": 0.0011230468750000001,
    "61,7": 0.0010314941406250001,
    "61,12": 0.001300048828125,
    "6,27": 0.001068115234375,
    "6,32": 0.0012756347656250001,
    "1,29": 0.0011230468750000001,
    "2,18": 0.003271484375,
    "2,22": 0.0011840820312500001,
    "3,26": 0.00203857421875,
    "3,29": 0.001470947265625,
    "2,20": 0.002099609375,
    "2,30": 0.0015991210937500002,
    "52,31": 0.001055908203125,
    "52,33": 0.0013977050781250001,
    "61,34": 0.003857421875,
    "61,32": 0.0013427734375,
    "62,29": 0.00101318359375,
    "61,31": 0.0013549804687500002,
    "60,29": 0.00140380859375,
    "63,40": 0.0018798828125,
    "63,41": 0.0024047851562500003,
    "48,43": 0.001129150390625,
    "6,38": 0.001983642578125,
    "4,39": 0.00107421875,
    "3,34": 0.001025390625,
    "3,39": 0.00152587890625,
    "3,42": 0.0014892578125000001,
    "1,39": 0.003399658203125,
    "1,42": 0.0031616210937500003,
    "0,46": 0.001190185546875,
    "62,39": 0.0011840820312500001,
    "63,39": 0.0013549804687500002,
    "62,40": 0.001080322265625,
    "3,57": 0.00186767578125,
    "1,59": 0.001959228515625,
    "1,57": 0.001654052734375,
    "3,60": 0.00125732421875,
    "60,55": 0.00181884765625,
    "62,50": 0.001922607421875,
    "62,46": 0.001165771484375,
    "62,55": 0.001220703125,
    "63,50": 0.003240966796875,
    "60,57": 0.001654052734375,
    "63,53": 0.0015686035156250002,
    "63,55": 0.0012756347656250001,
    "63,57": 0.003033447265625,
    "63,46": 0.001104736328125,
    "63,48": 0.0017028808593750001,
    "62,59": 0.00128173828125,
    "63,54": 0.001104736328125,
    "61,59": 0.0013916015625,
    "63,51": 0.001300048828125,
    "60,58": 0.0012329101562500002,
    "62,48": 0.001068115234375,
    "36,57": 0.001025390625,
    "31,56": 0.001007080078125,
    "25,55": 0.0010498046875,
    "25,61": 0.0019348144531250002,
    "28,56": 0.0010925292968750001,
    "23,55": 0.001239013671875,
    "22,55": 0.0012939453125000002,
    "63,60": 0.002264404296875,
    "34,58": 0.001055908203125,
    "37,53": 0.001373291015625,
    "39,53": 0.001007080078125,
    "40,46": 0.001141357421875,
    "31,44": 0.00103759765625,
    "32,43": 0.0010498046875,
    "34,43": 0.0013671875000000001,
    "3,23": 0.0010925292968750001,
    "3,32": 0.0018737792968750002,
    "5,26": 0.0011840820312500001,
    "3,27": 0.002081298828125,
    "2,23": 0.001953125,
    "2,29": 0.00205078125,
    "2,26": 0.0017944335937500001,
    "4,18": 0.00146484375,
    "1,18": 0.004693603515625,
    "2,3": 0.00245361328125
  }
}