{
  "timestamp": "20250801_132746",
  "position_analysis": {
    "1": {
      "weight_data": {
        "center": {
          "sensitivity": 0.23899794526546417,
          "cv": 0.003970990358006601,
          "avg_pressure": 0.11710899318007743,
          "position_name": "中心位置"
        },
        "top_left": {
          "sensitivity": 0.18375344462839283,
          "cv": 0.006699304933381823,
          "avg_pressure": 0.09003918786791248,
          "position_name": "左上角"
        },
        "top_right": {
          "sensitivity": 0.18306560434085173,
          "cv": 0.001118253493824489,
          "avg_pressure": 0.08970214612701735,
          "position_name": "右上角"
        },
        "bottom_left": {
          "sensitivity": 0.1930674288030067,
          "cv": 0.0033331930109768023,
          "avg_pressure": 0.09460304011347329,
          "position_name": "左下角"
        },
        "bottom_right": {
          "sensitivity": 0.19011422369693806,
          "cv": 0.006686044401858181,
          "avg_pressure": 0.09315596961149965,
          "position_name": "右下角"
        }
      },
      "statistics": {
        "mean_sensitivity": 0.1977997293469307,
        "std_sensitivity": 0.02094348211016109,
        "cv_sensitivity": 0.10588225868311116,
        "mean_pressure": 0.09692186737999604,
        "std_pressure": 0.01026230623397893,
        "cv_pressure": 0.10588225868311112,
        "position_consistency_cv": 0.10588225868311116,
        "consistency_grade": "一般"
      },
      "positions_count": 5
    },
    "2": {
      "weight_data": {
        "center": {
          "sensitivity": 0.16529532904171007,
          "cv": 0.00477288971808476,
          "avg_pressure": 0.16198942246087586,
          "position_name": "中心位置"
        },
        "top_left": {
          "sensitivity": 0.10996564835895577,
          "cv": 0.004976489262984584,
          "avg_pressure": 0.10776633539177664,
          "position_name": "左上角"
        },
        "top_right": {
          "sensitivity": 0.10397045638880023,
          "cv": 0.004230401543331362,
          "avg_pressure": 0.10189104726102423,
          "position_name": "右上角"
        },
        "bottom_left": {
          "sensitivity": 0.11300925300795737,
          "cv": 0.009519785470645263,
          "avg_pressure": 0.11074906794779822,
          "position_name": "左下角"
        },
        "bottom_right": {
          "sensitivity": 0.113246240453622,
          "cv": 0.005296704333645011,
          "avg_pressure": 0.11098131564454956,
          "position_name": "右下角"
        }
      },
      "statistics": {
        "mean_sensitivity": 0.1210973854502091,
        "std_sensitivity": 0.02235067717820495,
        "cv_sensitivity": 0.18456779306267307,
        "mean_pressure": 0.1186754377412049,
        "std_pressure": 0.021903663634640847,
        "cv_pressure": 0.18456779306267307,
        "position_consistency_cv": 0.18456779306267307,
        "consistency_grade": "一般"
      },
      "positions_count": 5
    },
    "3": {
      "weight_data": {
        "center": {
          "sensitivity": 0.1453689038352732,
          "cv": 0.0028174106871167825,
          "avg_pressure": 0.2136922886378516,
          "position_name": "中心位置"
        },
        "top_left": {
          "sensitivity": 0.09904905210581588,
          "cv": 0.0049161222482082875,
          "avg_pressure": 0.14560210659554934,
          "position_name": "左上角"
        },
        "top_right": {
          "sensitivity": 0.08465550019445378,
          "cv": 0.004029493578010669,
          "avg_pressure": 0.12444358528584706,
          "position_name": "右上角"
        },
        "bottom_left": {
          "sensitivity": 0.09460728457507095,
          "cv": 0.011110107248249387,
          "avg_pressure": 0.1390727083253543,
          "position_name": "左下角"
        },
        "bottom_right": {
          "sensitivity": 0.09200167664043157,
          "cv": 0.0029675138993316874,
          "avg_pressure": 0.13524246466143441,
          "position_name": "右下角"
        }
      },
      "statistics": {
        "mean_sensitivity": 0.10313648347020907,
        "std_sensitivity": 0.021626660975833233,
        "cv_sensitivity": 0.20968972615863993,
        "mean_pressure": 0.15161063070120734,
        "std_pressure": 0.03179119163447486,
        "cv_pressure": 0.20968972615863996,
        "position_consistency_cv": 0.20968972615863993,
        "consistency_grade": "较差"
      },
      "positions_count": 5
    }
  },
  "linearity_analysis": {
    "center": {
      "position_name": "中心位置",
      "position_data": {
        "1": {
          "sensitivity": 0.23899794526546417,
          "avg_pressure": 0.11710899318007743,
          "mass": 50.0,
          "force": 0.49
        },
        "2": {
          "sensitivity": 0.16529532904171007,
          "avg_pressure": 0.16198942246087586,
          "mass": 100.0,
          "force": 0.98
        },
        "3": {
          "sensitivity": 0.1453689038352732,
          "avg_pressure": 0.2136922886378516,
          "mass": 150.0,
          "force": 1.47
        }
      },
      "mass_analysis": {
        "weights": [
          50.0,
          100.0,
          150.0
        ],
        "pressures": [
          0.11710899318007743,
          0.16198942246087586,
          0.2136922886378516
        ],
        "slope": 0.0009658329545777418,
        "intercept": 0.06768027263516078,
        "r_squared": 0.9983395262022371,
        "p_value": 0.025948747420161965,
        "std_err": 3.938935778536874e-05,
        "linearity_error": 90.14456168798223,
        "predicted": [
          0.11597192036404788,
          0.16426356809293496,
          0.21255521582182207
        ],
        "residuals": [
          0.0011370728160295523,
          -0.0022741456320591047,
          0.0011370728160295385
        ]
      },
      "force_analysis": {
        "forces": [
          0.49,
          0.98,
          1.47
        ],
        "pressures": [
          0.11710899318007743,
          0.16198942246087586,
          0.2136922886378516
        ],
        "slope": 0.09855438312017775,
        "intercept": 0.06768027263516077,
        "r_squared": 0.9983395262022371,
        "p_value": 0.025948747420161965,
        "std_err": 0.004019322222996811,
        "linearity_error": 90.14456168798223,
        "predicted": [
          0.11597192036404787,
          0.16426356809293496,
          0.21255521582182207
        ],
        "residuals": [
          0.0011370728160295662,
          -0.0022741456320591047,
          0.0011370728160295385
        ]
      },
      "linearity_grade": "较差",
      "weights_count": 3
    },
    "top_left": {
      "position_name": "左上角",
      "position_data": {
        "1": {
          "sensitivity": 0.18375344462839283,
          "avg_pressure": 0.09003918786791248,
          "mass": 50.0,
          "force": 0.49
        },
        "2": {
          "sensitivity": 0.10996564835895577,
          "avg_pressure": 0.10776633539177664,
          "mass": 100.0,
          "force": 0.98
        },
        "3": {
          "sensitivity": 0.09904905210581588,
          "avg_pressure": 0.14560210659554934,
          "mass": 150.0,
          "force": 1.47
        }
      },
      "mass_analysis": {
        "weights": [
          50.0,
          100.0,
          150.0
        ],
        "pressures": [
          0.09003918786791248,
          0.10776633539177664,
          0.14560210659554934
        ],
        "slope": 0.0005556291872763687,
        "intercept": 0.05890629122410929,
        "r_squared": 0.9581674121002789,
        "p_value": 0.13113329636279056,
        "std_err": 0.00011609719294628087,
        "linearity_error": 94.33031441554726,
        "predicted": [
          0.08668775058792773,
          0.11446920995174616,
          0.1422506693155646
        ],
        "residuals": [
          0.0033514372799847564,
          -0.006702874559969513,
          0.0033514372799847425
        ]
      },